サークル名,合同,ネットネーム,配置,おしながき・告知,Twitter,Pixiv,BOOTH,メロブ
ST@RRY,,綾野 優,星01,,https://x.com/U_KAyano,https://www.pixiv.net/users/13497477,https://ayanoyoustarry.booth.pm/,https://www.melonbooks.co.jp/circle/index.php?circle_id=25843
りんつ,,りんつ,星03,,https://x.com/_Lindt_,https://www.pixiv.net/users/6817698,,
おしるこチップス,○,もなか,星04,https://x.com/trial_mnk/status/1934239909495374008,https://x.com/trial_mnk,,,
おしるこチップス,○,みの,星04,,https://x.com/Yumyum_chips,,,
Front Runner,,ブライアン,星05,https://x.com/56nQCMe7yOP5q3u/status/1932056812146372884,https://x.com/56nQCMe7yOP5q3u,https://www.pixiv.net/users/1009739,https://brianbooks.booth.pm/,https://www.melonbooks.co.jp/circle/index.php?circle_id=101419
秘密結社ザンザンザザザン,,※観測できず※,星06,,,,,
＃SMH,○,まかろん,星07,https://x.com/macaroooooon22/status/1933811870890377481,https://x.com/macaroooooon22,,https://macaroooooon22.booth.pm/,
＃SMH,○,どすこい文太郎,星07,,https://x.com/skks140,https://www.pixiv.net/users/91445419,https://humigoya.booth.pm/,
＃SMH,○,めかうなぎ,星07,,https://x.com/Mechaunagi,https://www.pixiv.net/users/86806673,https://unajuukou.booth.pm/,
ぐい飲みセット,,園田まー,星08,https://x.com/sono_maa27/status/1931910758956421471,https://x.com/sono_maa27,https://www.pixiv.net/users/3022033,https://sono0207-maasak.booth.pm/,
Allegro,,ぴんきー,星09,,https://x.com/ryoootaso,https://www.pixiv.net/users/25443631,https://ryoootaso.booth.pm/,
Hydrangea,,じゃ〜き〜,星10,https://x.com/925Senno/status/1932021591690674481,https://x.com/925Senno,,,
L'étoile polaire,,Konwel,星11,https://x.com/Kon_wel72/status/1934123254454911118,https://x.com/Kon_wel72,https://www.pixiv.net/users/48477899,,
おしるこどーなつ！,,ゆにほるん,星12,https://x.com/CzuP4/status/1931853581956853833,https://x.com/CzuP4,,https://oshirukodonut.booth.pm/,
うわおたくだβ版,,彩希,星13,https://x.com/aki__pic/status/1933854567051211050,https://x.com/aki__pic,,,
千葉急電鉄,,くろぴー,星14,,https://x.com/CatRobotP/media,,,
eclipse,,IDOLY PRIDEまとめ,星15,https://x.com/IP_eclipse/status/1933160187701215570,https://x.com/IP_eclipse,,,
Pitcher Soft,,うぃっく,星16,,https://x.com/kyomu_games,,,
つゆじ,,※観測できず※,星17,,,,,
揚げ浜しお,,もち米ユウタ,星18,https://x.com/mochi0410_yuuta/status/1933142612812444072,https://x.com/mochi0410_yuuta,https://www.pixiv.net/users/14542764,https://rezero.booth.pm/,https://www.melonbooks.co.jp/circle/index.php?circle_id=28426
えすぴよスタジオ,○,えすぴよ,星19,https://x.com/gyoeeeeeeeeee06/status/1927716533314199959,https://x.com/gyoeeeeeeeeee06,,,
えすぴよスタジオ,○,マグロス,星19,,https://x.com/maguros_camera,,,
魔法猫みぃぃ手描きイラスト,,※観測できず※,星20,,,,,
たいやき屋さん,,たいやき屋さん,星21,https://x.com/W3STBAG/status/1897131298269061181,https://x.com/W3STBAG,,,
快晴という自らに過ぎた名を名乗っている<br>愚かな者のサークルはこちらです。,,快晴,星22,,https://x.com/twin_KAISEI,https://t.co/3xa8TR6QvR,,
東原家,○,しーどーなっつ,星23,,https://x.com/Mei_donuts,,,
星見検車区,,※観測できず※,星25,,,,,
たけのこみるく庭,,四葉しょこら,星27,https://x.com/E_mangaC/status/1932708907199439326,https://x.com/E_mangaC/media,https://www.pixiv.net/users/24822527,,
篝屋擬,,※観測できず※,星28,,,,,
Justy/.,,Justy,星29,,https://x.com/JustySlash,,,
うな重工,,※観測できず※,星30,,,,,
ARCH,,ぷらむ,星31,,https://x.com/archplum,https://www.pixiv.net/users/13804,,https://www.melonbooks.co.jp/circle/index.php?circle_id=25937
尺骨の柴漬け,,髙藤,星32,,https://x.com/tkfj_aipr,,,
一畳庵,,ぱぱす,星33,,https://x.com/Maqauri,,,
merry,,※観測できず※,星34,,,,,
かまんべーる,,※観測できず※,見01,,,,,
​さんじょるの,,※観測できず※,見02,,,,,
DAIMONZI-X,,大鋼 断,見03,https://x.com/daimonzi_x/status/1931755392385847359,https://x.com/daimonzi_x,https://www.pixiv.net/users/700707,,
煙菌両用,○,nomomok,見04,https://x.com/noMOMok_2/status/1895670326400266677,https://x.com/noMOMok_2,https://www.pixiv.net/users/37874044,https://nomomok.booth.pm/,
煙菌両用,○,きの,見04,,https://x.com/kinokkoooo,,,
葉牡丹,,円,見05,https://x.com/en_mdk1/status/1934250786030231931,https://x.com/en_mdk1,https://www.pixiv.net/users/80373564,,
ろあしょっぷ！,,,見06,,,,,
コノハナファクトリー,,,見07,,,,,
Ixia,,,見08,,,,,
死灰復燃,,,見09,,,,,
雨宿り,,,見10,,,,,
サンタさんは本当にいるの？,○,瑠璃,見11,https://x.com/ruri_tacoske/status/1934152749761040420,https://x.com/ruri_tacoske,https://t.co/Io5ml6DyJy,,
サンタさんは本当にいるの？,○,さなぎねこ,見11,https://x.com/sanaginagisa_00/status/1934259597415690498,https://x.com/sanaginagisa_00,,,
サンタさんは本当にいるの？,○,華畑茶素,見11,https://x.com/Hana_mrrn/status/1934151636097921519,https://x.com/Hana_mrrn,,,
寝不足シネマ,,むいむい,見13,https://x.com/_o0O0o_2323/status/1933823373450281419,https://x.com/_o0O0o_2323,,,
おしるこラーメンカルビ丼,,,見14,,,,,
ゆづポン酢,,,見15,,,,,
きーちぇーん、,,,見16,,,,,
幻のシロクマ,,,見17,,,,,
夢のにわたずみ,,,見18,,,,,
由良川重工,,,見19,,,,,
17羽のクジラ,,,見20,,,,,
東京十七番街,○,,見21,,,,,
金木犀,,,見22,,,,,
チョコわらびのクリームソーダ添え,,,見23,,,,,
謎猫SISTERS,,,見24,,,,,
星見の愉快なあみぐるみ,,,見25,,,,,
さん亭,,,見26,,,,,
おひさまりぼん,,,市01,,,,,
Hot coffee,,,市02,,,,,
埼玉より愛をこめて,,,市03,,,,,
wavesOfLight,,,市04,,,,,
moonMalus,,,市05,,,,,
お茶にしましょう。,,,市06,,,,,
未来予報図,,,市07,,,,,
Slow MOON,,,市08,,,,,
すずフェス運営委員,,,市09,,,,,
StarryMiracle,,,市10,,,,,
ColorfulLife,,,市11,,,,,
夢を想う詩,,,市12,,,,,
chiboust,,,市13,,,,,
だりん,,,市14,,,,,
familie,,,市15,,,,,
日ノ出書斎,,,市16,,,,,
ろりこんおぢさん☆彡,,,市17,,,,,
こーとわこーとしー,,,市18,,,,,
メロンケーキ,,,市19,,,,,
STR舎,,,市20,,,,,
よそ見プロ,,,市21,,,,,
七回目ナイトリップ,,,市22,,,,,
カプ厨バイキング,,,市24,,,,,
々やさん,,,市25,,,,,
ツツうらうら,,,市26,,,,,
