サークル名,合同,複数,ネットネーム,配置,状況,おしながき・告知,Twitter,Pixiv,BOOTH,メロブ
ST@RRY,,,綾野 優,星01,○,https://x.com/U_KAyano/status/1937151870583308489,https://x.com/U_KAyano,https://www.pixiv.net/users/13497477,https://ayanoyoustarry.booth.pm/,https://www.melonbooks.co.jp/circle/index.php?circle_id=25843
りんつ,,,りんつ,星03,○,https://x.com/_Lindt_/status/1935303047716188211,https://x.com/_Lindt_,https://www.pixiv.net/users/6817698,,
おしるこチップス,,○,もなか,星04,○,https://x.com/trial_mnk/status/1938577119120105896,https://x.com/trial_mnk,,,
おしるこチップス,,○,みの,星04,,,https://x.com/Yumyum_chips,,,
Front Runner,,,ブライアン,星05,○,https://x.com/56nQCMe7yOP5q3u/status/1932056812146372884,https://x.com/56nQCMe7yOP5q3u,https://www.pixiv.net/users/1009739,https://brianbooks.booth.pm/,https://www.melonbooks.co.jp/circle/index.php?circle_id=101419
秘密結社ザンザンザザザン,,,ZN,星06,○,https://x.com/ihcamARNEZ/status/1937858740046401572,https://x.com/ihcamARNEZ,https://www.pixiv.net/users/6263825,,
＃SMH,○,,まかろん,星07,○,https://x.com/macaroooooon22/status/1937635473054400767,https://x.com/macaroooooon22,,https://macaroooooon22.booth.pm/,
＃SMH,○,,どすこい文太郎,星07,,,https://x.com/skks140,https://www.pixiv.net/users/91445419,https://humigoya.booth.pm/,
＃SMH,○,,めかうなぎ,星07,,,https://x.com/Mechaunagi,https://www.pixiv.net/users/86806673,https://unajuukou.booth.pm/,
ぐい飲みセット,,,園田まー,星08,○,https://x.com/sono_maa27/status/1937833171883852132,https://x.com/sono_maa27,https://www.pixiv.net/users/3022033,https://sono0207-maasak.booth.pm/,https://www.melonbooks.co.jp/search/search.php?name=%E5%9C%92%E7%94%B0%E3%81%BE%E3%83%BC&text_type=author
Allegro,,,ぴんきー,星09,○,https://x.com/ryoootaso/status/1936394957985812567,https://x.com/ryoootaso,https://www.pixiv.net/users/25443631,https://ryoootaso.booth.pm/,
Hydrangea,,,じゃ〜き〜,星10,○,https://x.com/925Senno/status/1936595049355366881,https://x.com/925Senno,https://www.pixiv.net/users/59356652,,
L'étoile polaire,,,Konwel,星11,○,https://x.com/Kon_wel72/status/1936621040022741322,https://x.com/Kon_wel72,https://www.pixiv.net/users/48477899,,
おしるこどーなつ！,,,ゆにほるん,星12,○,https://x.com/CzuP4/status/1935902929451438115,https://x.com/CzuP4,,https://oshirukodonut.booth.pm/,
うわおたくだβ版,,,彩希,星13,○,https://x.com/aki__pic/status/1938552903368663494,https://x.com/aki__pic,,,
千葉急電鉄,,,杉田みくり,星14,○,https://x.com/TN01_TN03/status/1938541573144522805,https://x.com/TN01_TN03,,,
eclipse,,,IDOLY PRIDEまとめ,星15,○,https://x.com/IDOLY_PRIDE_ch/status/1937805466429800472,https://x.com/IP_eclipse,,,
Pitcher Soft,,,フェン投手,星16,○,https://x.com/Kazato21/status/1938743650827301080,https://x.com/Kazato21,https://www.pixiv.net/users/1024937,,
つゆじ,,,せっけん,星17,○,https://x.com/sekken_mgame/status/1937454413536280626,https://x.com/sekken_mgame,https://www.pixiv.net/users/101114815,,
揚げ浜しお,,,もち米ユウタ,星18,○,https://x.com/mochi0410_yuuta/status/1936590071957983603,https://x.com/mochi0410_yuuta,https://www.pixiv.net/users/14542764,https://rezero.booth.pm/,https://www.melonbooks.co.jp/circle/index.php?circle_id=28426
えすぴよスタジオ,,○,えすぴよ,星19,○,https://x.com/gyoeeeeeeeeee06/status/1935317109434892703,https://x.com/gyoeeeeeeeeee06,,,
えすぴよスタジオ,,○,もふち,星19,○,https://x.com/wnwnnya/status/1934898815087325650,https://x.com/wnwnnya,,https://mofumofunyan.booth.pm/,
魔法猫みぃぃ手描きイラスト,,,ｧｨﾄﾞﾙ仔猫みぃﾆｬﾝｺ,星20,,https://x.com/mahounekomii2/status/1938450301755035672,https://x.com/mahounekomii2,,,
たいやき屋さん,,,たい,星21,○,https://x.com/W3STBAG/status/1938254696441160097,https://x.com/W3STBAG,,,
快晴という自らに過ぎた名を名乗っている<br>愚かな者のサークルはこちらです。,,,快晴,星22,○,https://x.com/twin_KAISEI/status/1937507787002757253,https://x.com/twin_KAISEI,https://www.pixiv.net/users/35530544,,
東原家,○,,嫉妬,星23,,https://x.com/makino_imasenno/status/1932059174059528594,https://x.com/makino_imasenno,,,
星見検車区,,,レイワ,星25,○,https://x.com/Reiwapride2/status/1934768896994889889,https://x.com/reiwapride2,,,
たけのこみるく庭,,,四葉しょこら,星27,○,https://x.com/E_mangaC/status/1938544812900467152,https://x.com/E_mangaC,https://www.pixiv.net/users/24822527,,
篝屋擬,,,篝三,星28,○,https://x.com/kagari_sankaku/status/1938785519913333218,https://x.com/kagari_sankaku,https://www.pixiv.net/users/7174550,,
Justy/.,,,Justy,星29,○,https://x.com/JustySlash/status/1938799456855695797,https://x.com/JustySlash,,,
うな重工,,,めかうなぎ,星30,○,https://x.com/Mechaunagi/status/1936020760893833717,https://x.com/Mechaunagi,https://www.pixiv.net/users/86806673,,
ARCH,,,ぷらむ,星31,○,https://x.com/archplum/status/1937849608237109754,https://x.com/archplum,https://www.pixiv.net/users/13804,,https://www.melonbooks.co.jp/circle/index.php?circle_id=25937
尺骨の柴漬け,,,髙藤,星32,○,https://x.com/tkfj_another/status/1938190504694612447,https://x.com/tkfj_aipr,,,
merry,,,どすこい文太郎,星34,○,https://x.com/skks140/status/1936263406971138201,https://x.com/skks140,,,
かまんべーる,,,ちたら,見01,○,https://x.com/cheetara68/status/1936016368262144024,https://x.com/cheetara68,,,
​さんじょるの,,,さんじょ,見02,○,https://x.com/ryotohmi/status/1938606713525227854,https://x.com/ryotohmi,https://www.pixiv.net/users/4388298,,
DAIMONZI-X,,,大鋼 断,見03,○,https://x.com/daimonzi_x/status/1935340897237094533,https://x.com/daimonzi_x,https://www.pixiv.net/users/700707,,
煙菌両用,,○,nomomok,見04,○,https://x.com/noMOMok_2/status/1938451915769319584,https://x.com/noMOMok_2,https://www.pixiv.net/users/37874044,https://nomomok.booth.pm/,
煙菌両用,,○,きの,見04,○,https://x.com/kinokkoooo/status/1936369754849321183,https://x.com/kinokkoooo,,,
葉牡丹,,,円,見05,○,https://x.com/en_mdk1/status/1934250786030231931,https://x.com/en_mdk1,https://www.pixiv.net/users/80373564,,
ろあしょっぷ！,,,ろあ,見06,○,https://x.com/roa_eaka/status/1935610027370598726,https://x.com/roa_eaka,,https://roaeaka.booth.pm/,
コノハナファクトリー,,,咲耶,見07,○,https://x.com/chiho_0802oruga/status/1935256961853047185,https://x.com/chiho_0802oruga,https://www.pixiv.net/users/17901002,,
Ixia,,○,せやな,見08,○,https://x.com/seyanachang/status/1933105399928066433,https://x.com/seyanachang,,,
Ixia,,○,もちぼ,見08,○,https://x.com/dynam_xox/status/1938583025073434832,https://x.com/dynam_xox,,,
死灰復燃,,,葉科,見09,○,https://x.com/skifknn/status/1937850426252284186,https://x.com/skifknn,https://www.pixiv.net/users/12198435,https://shikaifukunen.booth.pm/,
雨宿り,,,れいん,見10,○,https://x.com/_iamReiN/status/1934558041023959099,https://x.com/_iamReiN,https://www.pixiv.net/users/6846227,https://rein-nier.booth.pm/,
サンタさんは本当にいるの？,○,,瑠璃,見11,○,https://x.com/ruri_tacoske/status/1934153249470525724,https://x.com/ruri_tacoske,https://www.pixiv.net/users/78002754,,
サンタさんは本当にいるの？,○,,さなぎねこ,見11,○,https://x.com/sanaginagisa_00/status/1932773567957250460,https://x.com/sanaginagisa_00,https://www.pixiv.net/users/30284197,,
サンタさんは本当にいるの？,○,,華畑茶素,見11,○,https://x.com/Hana_mrrn/status/1934151636097921519,https://x.com/Hana_mrrn,,,
寝不足シネマ,,○,むいむい,見13,○,https://x.com/_o0O0o_2323/status/1936350347095884048,https://x.com/_o0O0o_2323,,,
寝不足シネマ,,○,ｶﾜｲ~,見13,○,https://x.com/O_ckawaisugi/status/1936369881492095251,https://x.com/O_ckawaisugi,,,
おしるこラーメンカルビ丼,,,なきまる,見14,○,https://x.com/0o0o_xxxxn/status/1938609692550549605,https://x.com/0o0o_xxxxn,,https://nananaki.booth.pm/,
ゆづポン酢,,,ゆづなつ,見15,○,https://x.com/yudzunatsu/status/1938448847199736264,https://x.com/yudzunatsu,https://www.pixiv.net/users/77944186,,https://www.melonbooks.co.jp/circle/index.php?circle_id=126474
きーちぇーん、,,,Keysou,見16,○,https://x.com/0202_keysou/status/1935672855343272433,https://x.com/0202_keysou,https://www.pixiv.net/users/71157078,,
幻のシロクマ,,,うろた すたろう,見17,○,https://x.com/starrow_urota/status/1937137678354628873,https://x.com/starrow_urota,https://www.pixiv.net/users/4606357,,
夢のにわたずみ,,,樋居うゐ,見18,○,https://x.com/aipurapani/status/1936437727400259648,https://x.com/aipurapani,https://www.pixiv.net/users/82612007,,
由良川重工,,○,末期的大艦巨砲主義者,見19,○,https://x.com/Satou_IPAI/status/1937921207166443681,https://x.com/Satou_IPAI,https://www.pixiv.net/users/100392215,,
由良川重工,,○,生姜味噌,見19,○,https://x.com/Syo_gaMiso/status/1936299716909973871,https://x.com/Syo_gaMiso,,,
17羽のクジラ,,,ツラタイ,見20,○,https://x.com/Fre_EV17/status/1937438954388906196,https://x.com/fre_ev17,,https://tsuratai.booth.pm/,
東京十七番街,○,,いちなな,見21,○,https://x.com/17_1pan7th/status/1938243927720837524,https://x.com/17_1pan7th,https://www.pixiv.net/users/8032011,,
金木犀,,,フウ,見22,○,https://x.com/fu_oekakiman/status/1935654494010052867,https://x.com/fu_oekakiman,,,
チョコわらびのクリームソーダ添え,,○,𝕪,見23,,,https://x.com/yoshiiinoo_21,,,
チョコわらびのクリームソーダ添え,,○,すくは,見23,,https://x.com/Sukuha_975/status/1936221190517146027,https://x.com/Sukuha_975,,https://suku8sukusu9.booth.pm/,
謎猫SISTERS,,,謎猫,見24,○,https://x.com/Z9XS54ZS/status/1938246232943825246,https://x.com/Z9XS54ZS,https://www.pixiv.net/users/107015415,,
星見の愉快なあみぐるみ,,,しょぼにゃん,見25,○,https://x.com/syobonyan_s2/status/1938265502763348256,https://x.com/syobonyan_s2,,,
さん亭,,,さん亭,見26,○,https://x.com/sandii4886/status/1933729904438489562,https://x.com/sandii4886,,,
おひさまりぼん,,,💟ྀི,市01,○,https://x.com/mememe_peace/status/1934986854459420973,https://x.com/mememe_peace,,,
Hot coffee,,,えぬ,市02,○,https://x.com/enu_illustip/status/1938582151894851995,https://x.com/enu_illustip,https://www.pixiv.net/users/79058903,,
埼玉より愛をこめて,,,きつき,市03,○,https://x.com/omochi8825/status/1935608176583618666,https://x.com/omochi8825,,,
wavesOfLight,,,kaz,市04,○,https://x.com/kaz_ya2436/status/1936047385702285656,https://x.com/kaz_ya2436,https://www.pixiv.net/users/80977271,,
moonMalus,,,びーつき,市05,○,https://x.com/b_tsuki_/status/1936796726222016676,https://x.com/b_tsuki_,,https://moonmalus.booth.pm/,
お茶にしましょう。,,,やまき,市06,○,https://x.com/ymkmk2/status/1937885408098193811,https://x.com/ymkmk2,https://www.pixiv.net/users/31366,https://ochani-shimasyou.booth.pm/,https://www.melonbooks.co.jp/circle/index.php?circle_id=127781
未来予報図,,,天貴予報,市07,○,https://x.com/tasamee021803/status/1936671945833238801,https://x.com/tasamee021803,https://www.pixiv.net/users/43922585,,
Slow MOON,,,クレドと,市08,○,https://x.com/new_wind0103/status/1934196039952773304,https://x.com/new_wind0103,,,
すずフェス運営委員,○,,ばわ,市09,,https://x.com/Thankyousushi/status/1933501374207308180,https://x.com/Thankyousushi,,,
すずフェス運営委員,○,,ロモツヨシ,市09,○,https://x.com/romostuyoshi/status/1938181371945750898,https://x.com/romostuyoshi,,,
StarryMiracle,○,,みちゃん,市10,○,https://x.com/st_michan/status/1937217488812671386,https://x.com/st_michan,https://www.pixiv.net/users/66850745,,
ColorfulLife,,,てと。,市11,○,https://x.com/tetoon_/status/1937861362690167044,https://x.com/tetoon_,https://www.pixiv.net/users/14295485,,
夢を想う詩,,○,ふーぎ,市12,○,https://x.com/fugi_IP/status/1936806496169538030,https://x.com/fugi_IP,https://www.pixiv.net/users/3514836,https://yumewoomouuta.booth.pm/,
夢を想う詩,,○,古鉄,市12,○,https://x.com/PTX_003C/status/1936809951239999990,https://x.com/PTX_003C,https://www.pixiv.net/users/303105,,
chiboust,,,やませ,市13,○,https://x.com/sawakami_y1579/status/1938560635694157880,https://x.com/sawakami_y1579,,,
だりん,,,だりん,市14,○,https://x.com/darin_22kan/status/1938349955116376422,https://x.com/darin_22kan,,,
familie,,,Yui,市15,○,https://x.com/Yui_ip_hayasaka/status/1932354704539058372,https://x.com/Yui_ip_hayasaka,,,
日ノ出書斎,,,蒲生 旭,市16,○,https://x.com/ComeonStraits/status/1938152756860399967,https://x.com/ComeonStraits,https://www.pixiv.net/users/83436851,,
ろりこんおぢさん☆彡,,,えびちり,市17,○,https://x.com/kawaii_suzunyan/status/1937345120422232325,https://x.com/kawaii_suzunyan,https://www.pixiv.net/users/106101933,https://ebichiliponpon.booth.pm/,
こーとわこーとしー,○,,すぎさき,市18,○,https://x.com/kairo07_3396/status/1936597122205491702,https://x.com/kairo07_3396,,,
メロンケーキ,,,つぶめろ,市19,○,https://x.com/tsubumelon/status/1938639214222147733,https://x.com/tsubumelon,https://www.pixiv.net/users/78633263,,
STR舎,,,サテラ,市20,○,https://x.com/Iam_a_satellite/status/1938422715410694621,https://x.com/Iam_a_satellite,https://www.pixiv.net/users/107472536,,
よそ見プロ,,,PURIN,市21,○,https://x.com/puririn778/status/1937881986078761125,https://x.com/puririn778,https://www.pixiv.net/users/91221432,https://puririn778.booth.pm/,
七回目ナイトリップ,,,7770P,市22,○,https://x.com/7Yuk0/status/1938228467700797546,https://x.com/7Yuk0,https://www.pixiv.net/users/58180890,,
カプ厨バイキング,,,なお,市24,○,https://x.com/NARUMIYA_KOUHEI/status/1934922929961357739,https://x.com/NARUMIYA_KOUHEI,https://www.pixiv.net/users/93847967,,
々やさん,,,々(まる),市25,○,https://x.com/__scgg__/status/1935321878241100279,https://x.com/__scgg__,,https://ggsc.booth.pm/,
ツツうらうら,,,うらかた,市26,○,https://x.com/urakata_illust/status/1936302853385339190,https://x.com/urakata_illust,https://www.pixiv.net/users/2004178,https://urakata-illust.booth.pm/,
